Model,PR_AUC,BestF1,BestThreshold
SARIMA,0.44232941096138645,0.5368877867323145,50886.769769821716
Hybrid,0.4325795301790277,0.5238981998753718,50843.60395024848
