Feature,Peak Period |SHAP|,Non-Peak Period |SHAP|,Difference
sarima_pred,7489.531386823249,4502.332127281405,2987.199259541844
residual_pred,300.70576081801124,417.266540625023,-116.56077980701178
